,path,class
80,0,0
90,0,0
100,0,0
412,0,0
588,0,0
778,0,0
1097,0,0
1123,0,0
95,1,0
161,1,0
165,1,0
315,1,0
379,1,0
528,1,0
769,1,0
849,1,0
102,2,0
222,2,0
323,2,0
372,2,0
429,2,0
852,2,0
962,2,0
1115,2,0
32,3,0
42,3,0
376,3,0
472,3,0
534,3,0
988,3,0
1031,3,0
1143,3,0
78,4,0
177,4,0
320,4,0
446,4,0
671,4,0
927,4,0
982,4,0
1234,4,0
39,5,0
333,5,0
437,5,0
442,5,0
500,5,0
621,5,0
934,5,0
1059,5,0
13,6,0
83,6,0
261,6,0
533,6,0
680,6,0
709,6,0
759,6,0
1195,6,0
85,7,0
241,7,0
479,7,0
570,7,0
648,7,0
663,7,0
969,7,0
1164,7,0
38,8,0
162,8,0
290,8,0
381,8,0
748,8,0
1011,8,0
1070,8,0
1155,8,0
22,9,0
268,9,0
352,9,0
700,9,0
774,9,0
809,9,0
1000,9,0
1158,9,0
23,10,0
529,10,0
693,10,0
772,10,0
890,10,0
986,10,0
1054,10,0
1117,10,0
26,11,0
146,11,0
355,11,0
646,11,0
1038,11,0
1055,11,0
1080,11,0
1174,11,0
56,12,0
149,12,0
233,12,0
496,12,0
914,12,0
1096,12,0
1130,12,0
1150,12,0
16,13,0
134,13,0
193,13,0
220,13,0
328,13,0
628,13,0
853,13,0
896,13,0
143,14,0
398,14,0
519,14,0
593,14,0
768,14,2
912,14,0
944,14,0
1049,14,2
40,15,2
126,15,2
203,15,2
430,15,2
776,15,2
796,15,2
894,15,2
1188,15,2
107,16,2
214,16,2
542,16,2
582,16,2
782,16,2
878,16,2
945,16,2
1258,16,2
251,17,0
385,17,0
419,17,0
434,17,0
608,17,0
791,17,2
933,17,0
1043,17,0
131,18,0
260,18,2
339,18,0
438,18,0
720,18,0
1028,18,0
1159,18,0
1268,18,0
64,19,2
322,19,2
467,19,2
579,19,2
724,19,2
734,19,2
740,19,2
880,19,2
204,20,0
305,20,0
580,20,0
719,20,0
758,20,0
1048,20,0
1105,20,0
1266,20,0
270,21,0
314,21,0
539,21,0
548,21,0
549,21,0
898,21,0
1086,21,0
1153,21,0
27,22,0
172,22,2
382,22,0
432,22,0
476,22,2
906,22,0
1012,22,2
1084,22,0
35,23,0
58,23,0
133,23,0
188,23,2
210,23,0
888,23,0
1144,23,0
1183,23,0
243,24,1
313,24,0
418,24,0
513,24,0
520,24,0
543,24,0
736,24,0
1005,24,0
65,25,0
551,25,0
664,25,0
714,25,0
1021,25,0
1118,25,0
1157,25,1
1213,25,0
29,26,0
226,26,0
308,26,0
420,26,0
483,26,0
565,26,1
657,26,0
870,26,0
140,27,0
321,27,1
416,27,0
574,27,0
907,27,0
925,27,0
1009,27,0
1010,27,0
227,28,0
331,28,0
410,28,0
931,28,0
970,28,0
997,28,0
1216,28,0
1270,28,0
0,29,0
106,29,0
208,29,0
234,29,1
395,29,0
401,29,0
640,29,0
913,29,0
19,30,0
183,30,0
187,30,0
286,30,0
366,30,1
951,30,0
1198,30,0
1220,30,0
34,31,0
164,31,0
289,31,0
503,31,0
747,31,0
1056,31,0
1160,31,0
1245,31,0
115,32,0
237,32,0
461,32,0
567,32,0
641,32,0
751,32,0
807,32,0
1257,32,0
66,33,0
282,33,0
403,33,0
459,33,0
553,33,0
908,33,0
919,33,0
1094,33,0
1616,34,2
1972,34,2
2079,34,2
2212,34,2
2317,34,1
2689,34,2
2788,34,2
2934,34,2
1981,35,2
2040,35,2
2053,35,2
2059,35,2
2309,35,2
2538,35,2
2719,35,2
3102,35,2
1694,36,2
1948,36,2
2237,36,2
2276,36,2
2420,36,2
2628,36,2
2633,36,2
3044,36,2
1321,37,2
1577,37,2
1760,37,2
2530,37,2
2860,37,2
2953,37,2
3180,37,2
3291,37,2
1372,38,2
1566,38,2
1585,38,2
1589,38,2
2310,38,2
2562,38,2
2949,38,2
3269,38,2
1451,39,2
1613,39,2
1663,39,2
2075,39,2
2130,39,2
2856,39,2
3198,39,2
3202,39,2
1463,40,2
1630,40,2
1823,40,2
2182,40,2
2201,40,2
2226,40,2
2489,40,2
3114,40,2
1430,41,1
1600,41,1
2184,41,1
2382,41,1
2626,41,1
2783,41,1
2933,41,1
3205,41,1
1352,42,1
1441,42,1
1997,42,1
2234,42,1
2504,42,1
2662,42,1
2821,42,1
2964,42,1
1291,43,1
1496,43,1
1939,43,1
2009,43,1
2112,43,1
2134,43,1
2541,43,1
2612,43,1
1327,44,1
1490,44,1
1818,44,1
1867,44,1
1990,44,1
2347,44,1
2811,44,1
2972,44,1
1333,45,1
1785,45,1
2002,45,1
2067,45,1
2145,45,1
2313,45,1
3055,45,1
3295,45,1
1555,46,1
1737,46,1
2017,46,1
2436,46,1
2574,46,1
2613,46,1
3123,46,1
3293,46,1
1489,47,2
1712,47,1
1720,47,1
2308,47,1
2466,47,1
2695,47,1
3235,47,1
3264,47,1
3304,48,0
3491,48,0
3493,48,0
3503,48,0
3632,48,0
3665,48,0
3725,48,0
3739,48,0
3309,49,2
3315,49,0
3334,49,0
3420,49,0
3486,49,0
3562,49,0
3568,49,0
3724,49,2
229,50,0
484,50,0
606,50,0
678,50,0
779,50,0
873,50,0
1218,50,0
1251,50,0
72,51,0
303,51,0
389,51,0
583,51,0
584,51,0
630,51,0
851,51,0
1230,51,0
175,52,0
345,52,0
589,52,0
591,52,0
637,52,0
726,52,0
1202,52,0
1263,52,0
342,53,0
367,53,0
552,53,0
683,53,0
928,53,0
1207,53,0
1212,53,0
1219,53,0
3423,54,1
3429,54,2
3445,54,2
3456,54,1
3501,54,2
3550,54,2
3675,54,2
3715,54,2
3399,55,2
3459,55,1
3513,55,1
3521,55,2
3530,55,2
3583,55,2
3595,55,2
3669,55,2
3319,56,2
3346,56,2
3472,56,2
3610,56,2
3616,56,2
3643,56,2
3660,56,2
3733,56,2
3296,57,2
3408,57,2
3442,57,2
3587,57,2
3691,57,2
3716,57,2
3730,57,2
3743,57,2
1276,58,2
1350,58,2
1793,58,2
2026,58,2
2164,58,2
2351,58,2
2482,58,2
3231,58,2
1678,59,2
2080,59,2
2142,59,2
2376,59,2
2391,59,2
2808,59,2
3132,59,2
3280,59,2
1421,60,2
1983,60,2
2185,60,1
2384,60,2
2770,60,1
2781,60,1
2793,60,2
2868,60,2
1358,61,2
1749,61,1
1930,61,2
2011,61,2
2126,61,2
2169,61,2
2242,61,2
3046,61,1
1400,62,2
1563,62,2
1960,62,2
2499,62,1
2693,62,1
3036,62,2
3063,62,2
3239,62,2
1743,63,2
2167,63,2
2345,63,2
2473,63,2
2746,63,2
2772,63,1
3108,63,2
3184,63,2
1627,64,2
1813,64,2
2219,64,2
2222,64,2
2358,64,2
2385,64,2
2767,64,2
2863,64,2
1587,65,2
1608,65,2
1709,65,2
1732,65,2
2329,65,2
2891,65,2
2987,65,2
3113,65,2
1279,66,1
1502,66,1
1716,66,1
1767,66,1
2189,66,1
2262,66,2
2994,66,2
3075,66,1
1592,67,2
1642,67,1
1956,67,2
1967,67,1
2527,67,1
2906,67,1
2923,67,2
3093,67,1
135,68,0
504,68,0
558,68,0
846,68,0
893,68,0
1068,68,0
1103,68,0
1244,68,0
1443,69,0
1459,69,2
1641,69,2
1978,69,2
2023,69,2
2800,69,2
3164,69,1
3181,69,2
1789,70,2
1870,70,2
1924,70,0
2426,70,2
2724,70,1
2843,70,2
2884,70,2
3270,70,2
1354,71,2
1907,71,0
2022,71,0
2355,71,2
2359,71,2
2690,71,2
2943,71,0
3274,71,2
1888,72,2
2081,72,1
2631,72,2
2733,72,2
2742,72,2
2799,72,1
2919,72,2
3223,72,2
1647,73,1
1713,73,2
1854,73,2
1929,73,2
2178,73,2
2883,73,2
3185,73,2
3273,73,2
1560,74,2
1683,74,2
1734,74,2
1815,74,2
2301,74,2
2815,74,2
3034,74,2
3157,74,2
3343,75,2
3482,75,0
3545,75,2
3552,75,2
3612,75,2
3648,75,2
3662,75,2
3676,75,2
3387,76,2
3396,76,2
3412,76,2
3499,76,2
3539,76,1
3620,76,2
3649,76,2
3749,76,2
3320,77,2
3348,77,2
3411,77,2
3477,77,0
3511,77,2
3588,77,2
3656,77,2
3708,77,2
3341,78,2
3355,78,2
3397,78,2
3428,78,2
3473,78,2
3607,78,2
3611,78,2
3661,78,2
3370,79,2
3454,79,1
3466,79,0
3509,79,2
3512,79,1
3566,79,2
3666,79,1
3710,79,2
3417,80,2
3470,80,2
3485,80,1
3492,80,1
3536,80,1
3546,80,2
3711,80,2
3734,80,0
1272,81,1
1580,81,1
1603,81,2
1611,81,2
1935,81,2
2816,81,2
3006,81,2
3162,81,1
1666,82,2
2599,82,2
2639,82,1
2747,82,2
2882,82,2
2898,82,1
3245,82,2
3255,82,1
1301,83,1
1476,83,1
1784,83,2
1897,83,2
2052,83,1
2602,83,2
2717,83,1
3193,83,2
1435,84,1
1581,84,2
1593,84,1
1976,84,2
2032,84,2
2620,84,1
2706,84,1
3207,84,2
1702,85,2
1747,85,1
2060,85,2
2153,85,2
2216,85,2
2402,85,2
2585,85,1
2954,85,2
3327,86,1
3455,86,2
3468,86,2
3476,86,2
3483,86,1
3597,86,2
3644,86,1
3658,86,2
3435,87,2
3457,87,2
3462,87,2
3464,87,1
3554,87,2
3592,87,2
3594,87,1
3740,87,2
3338,88,2
3390,88,1
3458,88,2
3544,88,2
3558,88,2
3567,88,1
3688,88,2
3731,88,2
3376,89,1
3474,89,2
3480,89,2
3522,89,2
3579,89,1
3672,89,2
3702,89,2
3718,89,2
3371,90,2
3424,90,2
3443,90,2
3449,90,2
3475,90,1
3497,90,2
3647,90,2
3654,90,1
1300,91,2
1365,91,1
1504,91,2
1599,91,2
2230,91,1
2475,91,2
2712,91,2
3111,91,2
1698,92,2
1825,92,2
2558,92,2
2589,92,1
2912,92,2
2978,92,2
3082,92,2
3101,92,2
1714,93,1
1919,93,1
1959,93,1
2248,93,1
2283,93,1
2407,93,2
2961,93,1
3151,93,1
1445,94,1
1530,94,1
1872,94,1
2016,94,1
2191,94,1
2861,94,1
2864,94,1
3194,94,1
1297,95,1
1351,95,2
1575,95,1
2200,95,1
2445,95,2
2533,95,1
2667,95,1
3059,95,1
1460,96,2
1474,96,2
1547,96,2
1951,96,2
2210,96,2
2440,96,2
2725,96,2
3165,96,2
1705,97,2
1733,97,2
2050,97,2
2738,97,2
2924,97,2
3098,97,2
3212,97,2
3226,97,2
1342,98,2
1353,98,2
1477,98,2
1764,98,2
1950,98,2
2940,98,2
3026,98,2
3127,98,2
1432,99,2
1692,99,2
1719,99,2
1900,99,2
1916,99,2
2186,99,2
2514,99,2
2902,99,2
1293,100,2
2176,100,2
2324,100,2
2356,100,2
2715,100,2
2846,100,2
2982,100,2
3091,100,2
1969,101,2
2013,101,2
2030,101,2
2447,101,2
2672,101,2
2897,101,1
3071,101,2
3178,101,2
212,102,0
230,102,0
550,102,0
904,102,0
968,102,0
1074,102,0
1119,102,0
1126,102,0
53,103,0
259,103,0
460,103,0
521,103,0
577,103,0
942,103,0
956,103,0
1196,103,0
1508,104,2
1703,104,2
2258,104,2
2265,104,2
2346,104,2
2907,104,2
3135,104,2
3283,104,2
1288,105,2
1319,105,2
1362,105,2
1804,105,2
1839,105,2
2029,105,2
2289,105,2
2872,105,2
3366,106,2
3461,106,2
3494,106,2
3523,106,2
3549,106,2
3668,106,2
3677,106,2
3685,106,2
3308,107,1
3337,107,1
3342,107,1
3479,107,1
3602,107,1
3613,107,1
3659,107,1
3689,107,1
3306,108,1
3427,108,1
3448,108,1
3551,108,1
3561,108,1
3577,108,1
3614,108,1
3703,108,1
3353,109,1
3360,109,1
3538,109,1
3547,109,1
3671,109,1
3692,109,1
3721,109,1
3746,109,1
3299,110,2
3349,110,2
3404,110,2
3487,110,2
3693,110,2
3699,110,2
3713,110,2
3735,110,2
3362,111,1
3394,111,1
3413,111,1
3506,111,2
3601,111,0
3682,111,0
3705,111,1
3742,111,1
3372,112,1
3432,112,0
3467,112,2
3556,112,0
3557,112,2
3565,112,2
3570,112,2
3681,112,1
1786,113,0
1812,113,1
1842,113,1
1937,113,2
2001,113,0
2116,113,2
2540,113,0
2731,113,1
1492,114,1
1873,114,1
2068,114,2
2137,114,1
2223,114,2
2605,114,2
3237,114,2
3259,114,2
1391,115,1
1436,115,1
1455,115,2
1583,115,2
2085,115,0
2175,115,1
2280,115,0
2444,115,2
1355,116,1
2196,116,2
2577,116,1
2730,116,1
2903,116,2
2945,116,0
3120,116,0
3247,116,1
1389,117,1
1561,117,1
1940,117,1
2448,117,0
2579,117,2
2668,117,2
2753,117,2
2773,117,1
1426,118,2
1858,118,0
2217,118,2
2286,118,1
2348,118,1
2665,118,1
3265,118,1
3271,118,1
1431,119,2
1903,119,1
2095,119,1
2202,119,2
2279,119,1
2295,119,2
2699,119,1
2922,119,2
1317,120,1
1634,120,1
1901,120,0
2208,120,0
2528,120,1
2707,120,2
2894,120,1
3261,120,1
1591,121,2
1717,121,0
1876,121,2
2569,121,2
2648,121,1
2879,121,1
2996,121,2
3023,121,1
1829,122,1
1881,122,2
2422,122,1
2572,122,1
2823,122,1
2997,122,2
3208,122,1
3282,122,2
1419,123,1
1708,123,1
1725,123,1
2383,123,1
2412,123,1
2563,123,1
2734,123,1
3229,123,1
1289,124,1
1331,124,1
1513,124,1
1689,124,1
2027,124,1
2083,124,0
2257,124,0
2792,124,0
1299,125,1
1687,125,1
2102,125,0
2254,125,1
2511,125,0
2666,125,1
2822,125,1
2986,125,1
1388,126,1
1532,126,1
1558,126,1
1824,126,1
2054,126,1
2117,126,1
2561,126,1
2752,126,1
1344,127,1
1864,127,1
1986,127,1
2331,127,1
2804,127,1
3050,127,1
3160,127,1
3258,127,1
1467,128,1
1590,128,1
2159,128,1
2522,128,1
2661,128,1
2865,128,1
3001,128,1
3099,128,1
1596,129,1
1618,129,1
1970,129,1
2073,129,1
2386,129,1
2592,129,1
3005,129,1
3241,129,1
1415,130,1
1538,130,1
1724,130,1
2058,130,1
2255,130,1
2571,130,1
2779,130,1
2950,130,1
1444,131,1
1809,131,1
1882,131,1
2181,131,0
2287,131,0
2454,131,1
2977,131,1
3272,131,1
1790,132,1
2051,132,1
2271,132,1
2374,132,1
2750,132,1
2873,132,1
3187,132,1
3238,132,1
1548,133,0
1991,133,1
2055,133,1
2064,133,1
2109,133,1
2760,133,1
2848,133,0
3268,133,1
1601,134,1
1684,134,1
1792,134,1
2263,134,1
2292,134,1
2415,134,1
2615,134,1
3252,134,1
1527,135,1
1695,135,1
1838,135,1
1968,135,1
1996,135,1
2618,135,1
2670,135,1
2998,135,1
2037,136,1
2114,136,1
2288,136,1
2390,136,1
2622,136,0
2657,136,1
2810,136,1
3092,136,1
1406,137,1
1701,137,1
1908,137,1
2128,137,1
2243,137,2
2282,137,1
2723,137,1
3137,137,1
1340,138,2
1348,138,2
1787,138,1
2377,138,2
2429,138,2
2578,138,1
2785,138,2
2967,138,1
1307,139,2
1696,139,2
1731,139,2
1798,139,1
1802,139,2
2259,139,2
2875,139,2
3106,139,2
48,140,0
440,140,0
512,140,0
844,140,0
987,140,0
1091,140,0
1109,140,0
1240,140,0
150,141,0
167,141,0
246,141,0
631,141,0
668,141,0
797,141,0
892,141,0
1069,141,0
103,142,0
266,142,0
360,142,0
390,142,0
710,142,0
885,142,0
1088,142,0
1140,142,0
349,143,0
375,143,0
377,143,0
378,143,0
457,143,0
530,143,1
559,143,0
727,143,0
184,144,0
332,144,0
383,144,0
392,144,0
544,144,0
609,144,0
718,144,0
990,144,0
215,145,0
217,145,0
522,145,0
540,145,0
600,145,0
746,145,0
954,145,0
979,145,0
1298,146,1
1652,146,0
1820,146,1
2341,146,1
2437,146,2
2483,146,1
2795,146,1
2833,146,1
1597,147,2
1711,147,0
1801,147,1
2352,147,1
2510,147,1
2805,147,1
2905,147,1
3087,147,1
1537,148,0
2154,148,0
2177,148,1
2296,148,1
2371,148,1
2911,148,1
2936,148,2
3096,148,1
1505,149,1
1650,149,1
1874,149,1
2015,149,2
2431,149,0
2762,149,0
2844,149,1
3083,149,1
1286,150,1
1359,150,1
1488,150,1
1653,150,0
2008,150,0
2637,150,1
2646,150,2
2914,150,2
1311,151,2
2443,151,1
2595,151,2
2598,151,0
2721,151,2
2939,151,0
3068,151,0
3161,151,1
1827,152,2
1984,152,1
2144,152,2
2836,152,2
3016,152,0
3100,152,2
3139,152,1
3278,152,0
1381,153,0
1464,153,1
1699,153,2
1988,153,2
2552,153,0
2740,153,1
2818,153,2
2981,153,2
1371,154,0
1622,154,2
1746,154,2
2207,154,0
2601,154,2
2992,154,2
3045,154,1
3203,154,2
1320,155,2
1531,155,1
1742,155,1
1933,155,0
2441,155,2
2867,155,0
2901,155,2
3053,155,2
1324,156,2
1376,156,1
1398,156,1
1545,156,1
2014,156,1
2564,156,1
2869,156,1
3000,156,1
1287,157,1
1750,157,1
1775,157,1
2120,157,1
2378,157,1
2513,157,1
2847,157,1
3130,157,1
1638,158,1
1656,158,1
1679,158,1
1759,158,1
2140,158,1
2285,158,1
2687,158,1
2780,158,1
1486,159,1
1542,159,1
1551,159,1
2005,159,1
2173,159,1
2679,159,2
2857,159,1
3213,159,1
3324,160,1
3330,160,1
3354,160,1
3436,160,1
3440,160,1
3441,160,1
3517,160,1
3541,160,2
3323,161,1
3357,161,1
3386,161,1
3395,161,1
3400,161,1
3481,161,1
3490,161,1
3729,161,1
3361,162,1
3410,162,1
3425,162,1
3433,162,1
3452,162,1
3471,162,1
3534,162,1
3727,162,1
3302,163,1
3350,163,1
3352,163,1
3373,163,1
3576,163,1
3627,163,1
3678,163,1
3723,163,1
3322,164,1
3333,164,1
3402,164,1
3453,164,1
3563,164,1
3636,164,1
3653,164,1
3707,164,1
3378,165,1
3446,165,1
3525,165,1
3555,165,1
3572,165,1
3726,165,1
3737,165,1
3747,165,1
1380,166,1
1518,166,1
2035,166,1
2136,166,1
2381,166,1
2519,166,1
2566,166,1
2830,166,1
1484,167,1
1766,167,1
1778,167,1
2609,167,1
2644,167,1
2776,167,1
2930,167,1
3191,167,1
1313,168,1
1468,168,1
1673,168,1
1763,168,1
2238,168,1
2267,168,1
3222,168,1
3284,168,1
1385,169,1
1456,169,1
1894,169,1
1966,169,1
1999,169,1
2194,169,1
2688,169,1
2840,169,1
1453,170,1
2007,170,1
2151,170,1
2311,170,1
2320,170,1
3112,170,1
3158,170,1
3253,170,2
1401,171,1
1568,171,1
2807,171,1
2944,171,1
2995,171,1
3003,171,1
3171,171,1
3289,171,1
1379,172,2
1472,172,2
2048,172,2
2500,172,2
2525,172,2
2854,172,2
2862,172,2
3141,172,2
1280,173,2
1370,173,2
2610,173,2
2629,173,2
2664,173,2
2877,173,2
3061,173,2
3250,173,2
1404,174,2
1628,174,2
1880,174,2
2240,174,2
2498,174,2
2974,174,2
3204,174,2
3254,174,2
1450,175,2
1735,175,2
1875,175,2
2170,175,2
2372,175,2
2768,175,2
2918,175,2
3147,175,2
1349,176,2
1833,176,2
1982,176,2
2111,176,2
2464,176,2
2658,176,2
2855,176,2
3163,176,2
1410,177,2
1913,177,2
1936,177,2
2261,177,2
2264,177,2
2330,177,2
2477,177,2
2686,177,2
47,178,0
141,178,0
168,178,0
211,178,0
422,178,0
493,178,0
1008,178,0
1133,178,0
25,179,0
50,179,0
221,179,0
267,179,0
344,179,0
510,179,0
935,179,0
1184,179,0
77,180,0
405,180,0
692,180,0
701,180,0
1075,180,0
1132,180,0
1238,180,0
1252,180,0
97,181,0
607,181,0
679,181,0
696,181,0
829,181,0
838,181,0
845,181,0
916,181,0
142,182,0
295,182,0
729,182,0
825,182,0
857,182,0
859,182,0
1128,182,0
1187,182,0
54,183,0
70,183,0
463,183,0
585,183,0
789,183,0
899,183,0
946,183,0
1035,183,0
98,184,0
411,184,0
423,184,0
737,184,0
932,184,0
957,184,0
1175,184,0
1267,184,0
199,185,0
269,185,0
645,185,0
754,185,0
757,185,0
1001,185,0
1227,185,0
1248,185,0
127,186,0
291,186,0
312,186,0
397,186,0
652,186,0
752,186,0
866,186,0
868,186,0
296,187,0
415,187,0
738,187,0
875,187,0
921,187,0
980,187,0
1003,187,0
1148,187,0
159,188,0
166,188,0
338,188,0
611,188,0
706,188,0
730,188,0
1114,188,0
1250,188,0
178,189,0
294,189,0
297,189,0
673,189,0
981,189,0
1004,189,0
1026,189,0
1112,189,0
353,190,0
387,190,0
677,190,0
756,190,0
786,190,0
883,190,0
952,190,0
1100,190,0
69,191,0
181,191,0
284,191,0
670,191,0
783,191,0
947,191,0
1002,191,0
1131,191,0
147,192,0
275,192,0
569,192,0
666,192,0
847,192,0
953,192,0
1027,192,0
1125,192,0
1357,193,2
1447,193,1
1953,193,2
2306,193,2
2424,193,1
2457,193,1
2890,193,2
3236,193,1
1309,194,1
1856,194,0
1977,194,1
2043,194,1
2652,194,1
2675,194,2
2727,194,2
2787,194,1
3307,195,0
3311,195,1
3339,195,1
3388,195,1
3409,195,0
3426,195,0
3535,195,1
3553,195,2
1312,196,1
1393,196,2
1480,196,0
1617,196,2
1669,196,1
2388,196,1
2423,196,1
3221,196,1
1364,197,1
1387,197,1
1905,197,1
2273,197,1
2373,197,2
3067,197,0
3257,197,2
3288,197,1
1439,198,2
1614,198,2
2692,198,1
2881,198,2
3031,198,1
3148,198,1
3225,198,1
3240,198,2
1478,199,2
1885,199,1
2157,199,1
2161,199,1
2323,199,0
2438,199,1
2698,199,2
3019,199,0
1649,200,1
1906,200,2
1914,200,2
2063,200,2
2221,200,0
2229,200,2
2368,200,1
2581,200,2
1691,201,1
2045,201,0
2195,201,2
2227,201,1
2474,201,0
2651,201,1
3051,201,1
3167,201,2
71,202,0
358,202,0
365,202,0
427,202,0
443,202,0
702,202,0
830,202,0
1053,202,0
283,203,0
490,203,0
499,203,0
536,203,0
639,203,0
929,203,0
1060,203,0
1098,203,0
1646,204,0
1821,204,0
1895,204,1
1987,204,0
2369,204,1
2885,204,0
2935,204,0
3251,204,1
1741,205,1
1808,205,1
1920,205,1
2379,205,0
2471,205,1
2711,205,1
2728,205,1
3086,205,2
1356,206,1
1515,206,1
1668,206,2
1740,206,2
2548,206,2
2980,206,2
3244,206,1
3263,206,2
152,207,0
258,207,0
262,207,0
298,207,0
316,207,0
454,207,0
867,207,0
1260,207,0
153,208,0
170,208,0
173,208,0
288,208,0
302,208,0
587,208,0
1139,208,0
1151,208,0
7,209,0
144,209,0
190,209,0
194,209,0
228,209,0
599,209,0
787,209,0
1110,209,0
206,210,0
219,210,0
431,210,0
488,210,0
761,210,0
1099,210,0
1138,210,0
1189,210,0
87,211,0
330,211,0
523,211,0
735,211,0
813,211,0
839,211,0
1104,211,0
1193,211,0
46,212,0
89,212,0
256,212,0
386,212,0
535,212,0
614,212,0
826,212,0
1024,212,0
136,213,0
171,213,0
384,213,0
698,213,0
902,213,0
917,213,0
1129,213,0
1242,213,0
155,214,0
200,214,0
578,214,0
687,214,0
785,214,0
1076,214,0
1156,214,0
1224,214,0
17,215,0
79,215,0
272,215,0
334,215,0
644,215,0
728,215,0
1017,215,0
1222,215,0
399,216,0
547,216,0
598,216,0
842,216,0
955,216,0
975,216,0
1259,216,0
1264,216,0
114,217,0
238,217,0
357,217,0
765,217,0
915,217,0
1101,217,0
1120,217,0
1152,217,0
518,218,0
635,218,0
973,218,0
1023,218,0
1161,218,0
1182,218,0
1228,218,0
1256,218,0
369,219,0
618,219,0
712,219,0
803,219,0
811,219,0
965,219,0
1092,219,0
1210,219,0
3310,220,1
3363,220,1
3393,220,1
3498,220,1
3516,220,1
3533,220,1
3574,220,1
3584,220,1
3303,221,1
3359,221,1
3364,221,1
3520,221,1
3573,221,1
3581,221,1
3615,221,1
3625,221,1
1470,222,1
2049,222,1
2162,222,1
2430,222,1
2845,222,1
2952,222,1
3039,222,1
3119,222,1
1564,223,1
1917,223,1
2038,223,1
2319,223,1
2520,223,1
2743,223,1
2909,223,1
3290,223,1
1314,224,1
1507,224,1
1660,224,1
1667,224,1
1814,224,1
2104,224,1
2299,224,1
2858,224,1
1282,225,1
1346,225,1
1412,225,1
1739,225,1
2600,225,1
3118,225,1
3138,225,1
3176,225,1
1326,226,1
1533,226,1
1761,226,1
2018,226,1
2138,226,1
2354,226,1
2632,226,1
2778,226,1
1501,227,1
1849,227,1
1993,227,1
2192,227,1
2335,227,1
2455,227,1
2751,227,1
3002,227,1
1498,228,1
1511,228,1
1973,228,1
2367,228,1
2501,228,1
2827,228,1
3116,228,1
3175,228,1
1325,229,1
1521,229,1
1676,229,2
1902,229,1
2019,229,1
2232,229,2
2654,229,1
2963,229,2
3317,230,2
3389,230,2
3421,230,1
3507,230,2
3673,230,1
3696,230,2
3704,230,1
3736,230,1
55,231,0
124,231,0
278,231,0
347,231,0
555,231,0
721,231,0
963,231,0
1233,231,0
117,232,0
273,232,0
306,232,0
526,232,0
817,232,0
1051,232,0
1107,232,0
1191,232,0
36,233,0
84,233,0
151,233,0
307,233,0
511,233,0
632,233,0
649,233,0
958,233,0
75,234,0
247,234,0
264,234,0
362,234,0
470,234,0
601,234,0
850,234,0
881,234,0
41,235,0
458,235,0
554,235,0
694,235,0
833,235,0
876,235,0
911,235,0
1108,235,0
189,236,0
310,236,0
441,236,0
507,236,0
564,236,0
704,236,0
984,236,0
1047,236,0
292,237,0
406,237,0
590,237,0
711,237,0
722,237,0
948,237,0
1141,237,0
1261,237,0
109,238,0
733,238,0
762,238,0
837,238,0
843,238,0
974,238,0
1042,238,0
1122,238,0
125,239,0
408,239,0
684,239,0
749,239,0
801,239,0
840,239,0
1025,239,0
1254,239,0
112,240,0
359,240,0
514,240,0
571,240,0
828,240,0
901,240,0
995,240,0
1041,240,0
118,241,0
198,241,0
465,241,0
477,241,0
820,241,0
863,241,0
889,241,0
937,241,0
63,242,0
327,242,0
781,242,0
819,242,0
824,242,0
1052,242,0
1166,242,0
1201,242,0
337,243,0
469,243,0
501,243,0
654,243,0
770,243,0
862,243,0
998,243,0
1039,243,0
271,244,0
343,244,0
506,244,0
745,244,0
777,244,0
949,244,0
1033,244,0
1071,244,0
86,245,0
363,245,0
546,245,0
636,245,0
971,245,0
1077,245,0
1225,245,0
1232,245,0
130,246,0
218,246,0
335,246,0
402,246,0
421,246,0
760,246,0
940,246,0
1271,246,0
2,247,0
10,247,0
129,247,0
242,247,0
252,247,0
561,247,0
856,247,0
1199,247,0
108,248,0
351,248,0
368,248,0
473,248,0
732,248,0
743,248,0
795,248,0
814,248,0
123,249,0
138,249,0
235,249,0
804,249,0
835,249,0
964,249,0
976,249,0
1037,249,0
14,250,0
205,250,0
253,250,0
497,250,0
655,250,0
707,250,0
713,250,0
1269,250,0
157,251,0
276,251,0
466,251,0
656,251,0
715,251,0
717,251,0
959,251,0
991,251,0
263,252,0
592,252,0
622,252,0
812,252,0
1079,252,0
1116,252,0
1142,252,0
1172,252,0
148,253,0
182,253,0
216,253,0
426,253,0
689,253,0
810,253,0
939,253,0
1137,253,0
57,254,0
231,254,0
624,254,0
822,254,0
930,254,0
1018,254,0
1089,254,0
1215,254,0
4,255,0
139,255,0
158,255,0
471,255,0
475,255,0
879,255,0
1146,255,0
1168,255,0
119,256,0
250,256,0
370,256,0
563,256,0
629,256,0
681,256,0
685,256,0
924,256,0
81,257,0
417,257,0
612,257,0
716,257,0
794,257,0
1036,257,0
1162,257,0
1177,257,0
1557,258,1
1654,258,1
1755,258,1
1921,258,1
2314,258,1
2470,258,1
2597,258,1
3294,258,1
1303,259,1
1437,259,1
1481,259,1
2071,259,1
2318,259,1
2512,259,1
2656,259,1
2677,259,1
1510,260,1
1822,260,1
1890,260,1
1932,260,1
1979,260,1
2133,260,1
2171,260,1
2973,260,1
1332,261,1
1693,261,1
1810,261,1
2231,261,1
2336,261,1
2362,261,1
2497,261,1
2536,261,1
1290,262,1
1579,262,1
1772,262,1
1843,262,1
2490,262,1
2517,262,1
2931,262,1
2990,262,1
1674,263,1
1819,263,1
1965,263,1
2399,263,1
2425,263,1
2587,263,1
2849,263,1
3027,263,1
1277,264,2
1429,264,2
1632,264,2
1690,264,2
1830,264,2
2235,264,2
2253,264,2
3081,264,1
1454,265,2
1610,265,2
2220,265,2
2291,265,2
2293,265,2
2607,265,2
3124,265,2
3159,265,1
1528,266,2
1540,266,2
2003,266,2
2149,266,2
2406,266,2
2462,266,2
2524,266,2
3077,266,2
1535,267,2
1615,267,2
2020,267,2
2297,267,2
2650,267,2
2889,267,1
3013,267,2
3186,267,2
1310,268,2
2132,268,2
2190,268,1
2290,268,2
2307,268,2
2349,268,2
3022,268,2
3126,268,2
1625,269,2
2039,269,2
2655,269,2
2674,269,2
2757,269,2
3057,269,2
3136,269,1
3152,269,2
1612,270,2
1665,270,2
1884,270,2
1910,270,2
1975,270,2
2139,270,2
2638,270,2
3104,270,2
1306,271,2
1595,271,2
1797,271,2
1837,271,2
2395,271,2
2432,271,2
2442,271,2
3072,271,2
1411,272,2
1662,272,2
1855,272,2
1892,272,2
2642,272,2
2745,272,2
2759,272,2
3042,272,2
1341,273,1
1807,273,2
2174,273,1
2225,273,2
2260,273,1
2411,273,2
2570,273,1
2716,273,2
1343,274,1
1403,274,2
1582,274,1
1586,274,1
2166,274,1
2516,274,2
2968,274,2
3156,274,2
1491,275,2
1556,275,1
1718,275,2
1795,275,2
1817,275,2
2775,275,1
3155,275,1
3267,275,2
1768,276,1
1777,276,2
1832,276,1
1847,276,1
2183,276,1
2228,276,2
2274,276,1
2484,276,2
1584,277,1
1780,277,2
2187,277,1
2246,277,1
2529,277,2
2567,277,2
2801,277,2
3149,277,2
1469,278,2
1639,278,2
1748,278,2
1866,278,1
2582,278,2
2829,278,2
2841,278,1
2948,278,2
1373,279,2
1549,279,1
2119,279,2
2127,279,2
2165,279,2
2428,279,1
2705,279,2
2817,279,2
1328,280,1
1794,280,1
2256,280,2
2363,280,2
2700,280,2
2853,280,2
2960,280,1
3173,280,2
31,281,0
180,281,0
300,281,0
699,281,0
854,281,0
1019,281,0
1022,281,0
1073,281,0
24,282,0
82,282,0
145,282,0
619,282,0
675,282,0
886,282,0
999,282,0
1013,282,0
51,283,0
96,283,0
374,283,0
538,283,0
615,283,0
625,283,0
967,283,0
1186,283,0
11,284,0
311,284,0
356,284,0
393,284,0
617,284,0
977,284,0
1034,284,0
1145,284,0
94,285,0
192,285,0
196,285,1
304,285,0
525,285,0
815,285,0
1063,285,0
1072,285,0
60,286,0
531,286,0
688,286,0
910,286,0
922,286,0
1057,286,0
1147,286,0
1165,286,0
8,287,0
104,287,0
163,287,0
485,287,0
572,287,0
653,287,0
659,287,0
703,287,0
44,288,0
380,288,0
413,288,0
414,288,0
492,288,0
603,288,0
773,288,0
950,288,0
30,289,1
364,289,0
478,289,0
487,289,0
658,289,0
725,289,0
784,289,0
1062,289,0
1413,290,1
1427,290,1
1534,290,1
2087,290,1
2328,290,1
2565,290,2
2866,290,1
2941,290,1
1363,291,1
1418,291,1
1928,291,1
2025,291,1
2494,291,2
2556,291,1
2758,291,1
3166,291,1
1700,292,1
1841,292,2
2110,292,1
2224,292,1
2332,292,2
2364,292,2
2888,292,1
3249,292,1
3298,293,2
3469,293,1
3537,293,1
3593,293,1
3606,293,2
3624,293,2
3670,293,1
3728,293,1
3398,294,2
3403,294,2
3407,294,2
3438,294,2
3596,294,2
3609,294,2
3690,294,2
3744,294,2
3318,295,2
3331,295,2
3430,295,2
3510,295,2
3617,295,2
3680,295,2
3684,295,2
3709,295,2
169,296,0
293,296,0
391,296,0
775,296,0
877,296,0
1006,296,0
1223,296,0
1253,296,0
213,297,0
249,297,0
274,297,0
317,297,0
509,297,0
697,297,0
834,297,0
978,297,0
110,298,0
502,298,0
627,298,0
690,298,0
900,298,0
918,298,0
1179,298,0
1243,298,0
45,299,0
299,299,0
464,299,0
494,299,0
595,299,0
818,299,0
823,299,0
1208,299,0
279,300,0
695,300,0
767,300,0
848,300,0
1032,300,0
1163,300,0
1197,300,0
1226,300,0
3368,301,2
3524,301,2
3586,301,2
3634,301,2
3642,301,2
3652,301,2
3674,301,2
3745,301,2
3335,302,2
3406,302,2
3508,302,2
3548,302,2
3559,302,2
3628,302,2
3629,302,2
3664,302,2
3314,303,2
3367,303,2
3591,303,2
3603,303,2
3637,303,2
3683,303,2
3748,303,2
3750,303,2
3374,304,2
3381,304,2
3495,304,2
3514,304,2
3582,304,2
3639,304,2
3650,304,2
3706,304,2
1377,305,2
1503,305,2
1626,305,2
2125,305,2
2268,305,2
2452,305,2
2549,305,2
3037,305,2
1624,306,2
1927,306,2
2298,306,2
2315,306,2
2397,306,2
2408,306,2
2535,306,2
3030,306,2
1631,307,2
1782,307,2
2281,307,2
2624,307,2
2702,307,2
2756,307,2
2942,307,2
3172,307,2
1661,308,2
1706,308,2
1998,308,2
2046,308,2
2275,308,2
2518,308,2
2802,308,2
3110,308,2
1473,309,1
1605,309,1
2193,309,2
2337,309,1
2534,309,1
2819,309,2
3174,309,2
3177,309,2
1408,310,1
1730,310,2
1898,310,2
1938,310,1
2213,310,1
2649,310,1
2971,310,2
2985,310,1
1336,311,2
1366,311,2
1457,311,2
1769,311,2
2098,311,2
2206,311,2
2357,311,2
2701,311,2
1407,312,2
1570,312,2
2460,312,2
2496,312,2
2653,312,2
2678,312,2
2736,312,2
3097,312,2
1316,313,0
1952,313,1
2233,313,1
2551,313,0
2568,313,1
2682,313,1
2957,313,1
3206,313,1
1422,314,1
2209,314,1
2305,314,0
2327,314,0
2458,314,0
2465,314,0
2542,314,0
2635,314,1
3312,315,1
3444,315,1
3502,315,1
3571,315,1
3578,315,1
3604,315,1
3698,315,0
3717,315,0
3326,316,1
3379,316,1
3437,316,1
3447,316,1
3465,316,1
3478,316,1
3622,316,1
3641,316,1
3405,317,1
3419,317,1
3484,317,1
3505,317,1
3575,317,1
3619,317,1
3633,317,2
3663,317,0
92,318,0
232,318,0
244,318,0
425,318,0
623,318,0
753,318,0
1016,318,0
1136,318,0
128,319,0
209,319,0
396,319,0
508,319,0
831,319,0
996,319,0
1154,319,0
1246,319,0
3345,320,2
3356,320,2
3414,320,2
3519,320,2
3569,320,2
3631,320,2
3646,320,2
3714,320,2
3329,321,2
3532,321,2
3542,321,2
3645,321,2
3651,321,2
3667,321,2
3679,321,2
3712,321,2
1722,322,2
1848,322,2
1985,322,2
2573,322,2
2645,322,2
2660,322,2
3015,322,2
3153,322,2
1499,323,1
1574,323,1
2100,323,1
2199,323,1
2616,323,1
2744,323,2
2755,323,1
3062,323,2
1675,324,1
2277,324,2
2435,324,1
2575,324,2
2826,324,2
2832,324,1
3154,324,1
3242,324,1
1294,325,1
2034,325,1
2097,325,1
2419,325,1
2521,325,2
2596,325,1
2623,325,1
3192,325,1
1536,326,2
1671,326,1
2036,326,2
2503,326,1
2557,326,1
2790,326,1
2927,326,1
3215,326,1
1315,327,2
1396,327,1
1529,327,1
2627,327,1
2763,327,2
3105,327,2
3199,327,2
3227,327,1
1517,328,1
1645,328,1
2284,328,2
2294,328,1
2608,328,2
2636,328,1
2928,328,2
3008,328,2
1414,329,2
1519,329,1
2056,329,2
2150,329,1
2350,329,1
2583,329,1
2681,329,1
2766,329,2
1816,330,2
1857,330,1
2506,330,1
2543,330,1
2640,330,2
2809,330,2
2976,330,1
3170,330,2
1644,331,2
1776,331,2
2143,331,2
2413,331,2
2684,331,2
2722,331,2
2899,331,1
3168,331,2
1433,332,2
1658,332,2
1680,332,2
1736,332,2
2057,332,1
2251,332,2
2798,332,2
2979,332,2
1275,333,1
1791,333,1
1994,333,2
2033,333,2
2427,333,2
2545,333,2
2647,333,2
3117,333,2
1295,334,2
1524,334,2
1861,334,2
2505,334,2
2580,334,2
2611,334,2
2852,334,2
3095,334,2
1543,335,2
1588,335,2
2061,335,2
2074,335,2
2405,335,2
2704,335,2
3070,335,2
3188,335,2
1281,336,2
1434,336,2
1643,336,2
2000,336,2
2148,336,2
2340,336,2
2732,336,2
3056,336,2
1651,337,2
1831,337,2
1860,337,2
2214,337,2
2588,337,2
2806,337,2
2999,337,2
3038,337,2
1375,338,2
1446,338,0
1466,338,2
1559,338,0
1762,338,0
1774,338,0
2370,338,0
2676,338,0
1550,339,2
1633,339,0
1685,339,0
1710,339,0
2077,339,0
2123,339,0
2988,339,2
3054,339,0
1448,340,2
1520,340,2
1931,340,0
2024,340,0
2099,340,0
2539,340,0
2594,340,2
2748,340,1
1449,341,0
1483,341,2
2122,341,1
2168,341,2
2303,341,0
2786,341,0
3078,341,0
3228,341,2
1438,342,2
2047,342,2
2090,342,2
2203,342,2
2211,342,2
2461,342,2
2735,342,0
2876,342,2
2096,343,2
2361,343,2
2365,343,2
2366,343,2
2468,343,2
2959,343,2
3009,343,2
3210,343,2
1283,344,1
1915,344,2
2012,344,2
2118,344,2
2782,344,2
3145,344,2
3216,344,2
3256,344,2
1374,345,2
1402,345,2
1554,345,2
1879,345,2
3035,345,2
3049,345,2
3084,345,2
3233,345,2
1544,346,1
2152,346,1
2198,346,1
2205,346,1
2617,346,1
2958,346,1
3021,346,1
3179,346,1
1576,347,1
1887,347,1
1949,347,1
2478,347,1
2584,347,1
2929,347,1
2937,347,1
3169,347,1
1525,348,1
1664,348,1
1942,348,1
2006,348,1
2322,348,1
2396,348,1
2586,348,1
2774,348,1
1487,349,2
1509,349,2
1553,349,2
1989,349,1
2476,349,2
2709,349,1
2825,349,2
2835,349,0
1390,350,1
1859,350,1
2204,350,1
2249,350,1
2270,350,1
2546,350,1
2771,350,1
3279,350,1
1384,351,1
1805,351,1
1964,351,1
2042,351,2
2147,351,1
2487,351,1
3025,351,1
3033,351,1
1677,352,1
2129,352,1
2146,352,1
2156,352,2
2683,352,1
3196,352,1
3224,352,1
3286,352,2
1771,353,1
1826,353,2
1934,353,2
2895,353,2
3103,353,2
3129,353,2
3131,353,2
3246,353,2
1284,354,2
1594,354,2
1865,354,2
2072,354,2
2089,354,2
2393,354,2
2680,354,2
2878,354,2
444,355,0
447,355,0
620,355,0
662,355,0
920,355,0
1029,355,0
1214,355,0
1249,355,0
6,356,0
186,356,0
223,356,0
560,356,0
739,356,0
827,356,0
983,356,0
1093,356,0
21,357,0
101,357,0
325,357,0
672,357,0
897,357,0
1007,357,0
1044,357,0
1102,357,0
346,358,0
449,358,0
545,358,0
586,358,0
594,358,0
836,358,0
1015,358,0
1095,358,0
91,359,0
99,359,0
122,359,0
741,359,0
780,359,0
926,359,0
1085,359,0
1239,359,0
105,360,0
452,360,0
643,360,0
708,360,0
744,360,0
766,360,0
806,360,0
1127,360,0
185,361,0
191,361,0
498,361,0
660,361,0
755,361,0
871,361,0
1067,361,0
1083,361,0
111,362,0
154,362,0
224,362,0
329,362,0
424,362,0
882,362,0
903,362,0
1090,362,0
245,363,0
281,363,0
348,363,0
407,363,0
613,363,0
650,363,0
771,363,0
972,363,0
1440,364,2
1479,364,2
1744,364,2
1974,364,2
2625,364,2
2975,364,2
3109,364,2
3140,364,2
1382,365,2
1728,365,2
1783,365,2
2244,365,2
2547,365,2
2741,365,2
2951,365,2
3219,365,2
1392,366,2
1482,366,2
1514,366,2
1753,366,2
2086,366,2
2434,366,2
2871,366,2
3260,366,2
1541,367,2
1619,367,2
1681,367,2
1941,367,2
2591,367,2
2671,367,2
2886,367,2
3069,367,2
1367,368,2
1770,368,2
1806,368,2
2392,368,2
2947,368,2
2956,368,2
3090,368,2
3281,368,2
1552,369,2
1659,369,2
2479,369,2
2493,369,2
2559,369,2
2831,369,2
2842,369,2
2851,369,2
156,370,0
450,370,0
676,370,0
742,370,0
764,370,0
798,370,0
874,370,0
895,370,0
88,371,0
113,371,0
137,371,0
354,371,0
455,371,0
562,371,0
665,371,0
1082,371,0
176,372,0
207,372,0
318,372,0
936,372,0
1020,372,0
1061,372,0
1064,372,0
1192,372,0
28,373,0
239,373,0
439,373,0
667,373,0
686,373,0
869,373,0
1206,373,0
1211,373,0
3,374,0
516,374,0
790,374,0
858,374,0
989,374,0
994,374,0
1050,374,0
1121,374,0
1,375,0
301,375,0
436,375,0
808,375,0
860,375,0
1078,375,0
1149,375,0
1229,375,0
67,376,0
361,376,0
480,376,0
575,376,0
626,376,0
1113,376,0
1203,376,0
1262,376,0
20,377,0
37,377,0
435,377,0
453,377,0
602,377,0
905,377,0
1065,377,0
1194,377,0
18,378,0
132,378,0
456,378,0
505,378,0
674,378,0
1087,378,0
1167,378,0
1204,378,0
287,379,0
568,379,0
581,379,0
723,379,0
763,379,0
992,379,0
1014,379,0
1237,379,0
15,380,0
33,380,0
59,380,0
197,380,0
257,380,0
445,380,0
642,380,0
1255,380,0
43,381,0
340,381,0
409,381,0
541,381,0
799,381,0
864,381,0
1111,381,0
1209,381,0
1386,382,1
1442,382,1
1635,382,2
1704,382,2
2094,382,2
2576,382,2
2720,382,1
2955,382,1
3301,383,1
3336,383,1
3380,383,1
3422,383,1
3526,383,1
3528,383,1
3738,383,2
3751,383,1
3328,384,1
3358,384,1
3369,384,1
3383,384,1
3515,384,2
3540,384,1
3598,384,1
3640,384,1
3305,385,1
3382,385,1
3418,385,1
3489,385,1
3599,385,1
3701,385,1
3720,385,1
3732,385,1
3415,386,1
3488,386,1
3504,386,1
3585,386,1
3608,386,1
3623,386,1
3638,386,1
3695,386,1
3297,387,1
3344,387,1
3463,387,1
3496,387,1
3500,387,1
3589,387,1
3600,387,1
3700,387,1
3439,388,1
3543,388,1
3605,388,1
3621,388,1
3626,388,1
3635,388,1
3655,388,1
3687,388,1
3300,389,1
3316,389,1
3391,389,1
3450,389,1
3460,389,1
3564,389,1
3630,389,1
3657,389,1
3340,390,1
3384,390,1
3401,390,1
3434,390,1
3451,390,1
3518,390,1
3590,390,1
3697,390,1
3321,391,1
3332,391,1
3347,391,1
3351,391,1
3377,391,1
3392,391,1
3416,391,1
3694,391,1
1416,392,1
1461,392,1
1572,392,1
2070,392,1
2269,392,1
2544,392,1
3076,392,1
3287,392,1
255,393,0
433,393,0
515,393,0
597,393,0
638,393,0
816,393,0
1235,393,0
1241,393,0
62,394,0
160,394,0
616,394,0
633,394,0
691,394,0
792,394,0
891,394,0
1124,394,0
474,395,0
532,395,0
556,395,0
576,395,0
605,395,0
682,395,0
1066,395,0
1106,395,0
52,396,0
277,396,0
319,396,0
404,396,0
596,396,0
1217,396,0
1236,396,0
1247,396,0
9,397,0
61,397,0
74,397,0
202,397,0
388,397,0
938,397,0
1176,397,0
1205,397,0
12,398,0
254,398,0
280,398,0
482,398,0
517,398,0
805,398,0
1181,398,0
1200,398,0
120,399,0
468,399,0
961,399,0
1045,399,0
1081,399,0
1173,399,0
1190,399,0
1231,399,0
336,400,0
489,400,0
491,400,0
604,400,0
750,400,0
887,400,0
966,400,0
1221,400,0
5,401,0
73,401,0
225,401,0
462,401,0
573,401,0
793,401,0
821,401,0
960,401,0
285,402,0
324,402,0
341,402,0
481,402,0
841,402,0
861,402,0
872,402,0
1058,402,0
76,403,0
93,403,0
400,403,0
610,403,0
634,403,0
800,403,0
802,403,0
884,403,0
68,404,0
195,404,0
371,404,0
661,404,0
909,404,0
1040,404,0
1135,404,0
1169,404,0
121,405,0
265,405,0
448,405,0
486,405,0
647,405,0
651,405,0
731,405,0
923,405,0
179,406,0
236,406,0
240,406,0
248,406,0
527,406,0
705,406,0
865,406,0
985,406,0
116,407,0
566,407,0
788,407,0
855,407,0
941,407,0
943,407,0
1046,407,0
1171,407,0
1465,408,0
1729,408,0
2103,408,0
2433,408,0
2718,408,0
2870,408,0
3195,408,0
3220,408,0
1285,409,0
1308,409,0
1602,409,0
1851,409,0
1925,409,0
2082,409,0
2101,409,0
2619,409,0
49,410,0
326,410,0
350,410,0
373,410,0
428,410,0
524,410,0
537,410,0
1134,410,0
174,411,0
201,411,0
394,411,0
451,411,0
495,411,0
669,411,0
993,411,0
1178,411,0
1955,412,1
2245,412,1
2375,412,1
2421,412,1
2523,412,2
2531,412,1
2663,412,1
2893,412,1
1428,413,1
1493,413,1
1899,413,1
2302,413,1
2439,413,1
2764,413,1
2984,413,2
3107,413,1
309,414,0
557,414,1
832,414,0
1030,414,0
1170,414,0
1180,414,0
1185,414,0
1265,414,0
1609,415,1
1918,415,1
1922,415,0
1961,415,0
2814,415,1
3024,415,1
3066,415,0
3262,415,1
1871,416,0
2124,416,0
2338,416,0
2769,416,0
2777,416,1
2962,416,0
3007,416,0
3014,416,0
1337,417,0
1578,417,0
1781,417,1
1869,417,1
2247,417,0
2278,417,0
3089,417,0
3277,417,0
1604,418,1
1620,418,1
1754,418,0
2300,418,1
2673,418,0
2892,418,0
3094,418,0
3143,418,0
1758,419,2
2062,419,0
2515,419,2
2532,419,1
3029,419,1
3146,419,0
3211,419,1
3292,419,2
1394,420,2
1512,420,1
1607,420,0
2108,420,0
2813,420,2
2820,420,0
3010,420,1
3085,420,1
1335,421,2
1788,421,0
1992,421,0
2197,421,2
2316,421,2
2342,421,0
2828,421,0
3064,421,0
3313,422,0
3325,422,0
3385,422,0
3431,422,2
3527,422,0
3529,422,2
3531,422,0
3580,422,2
3365,423,2
3375,423,1
3560,423,2
3618,423,2
3686,423,2
3719,423,0
3722,423,2
3741,423,2
1323,424,2
1329,424,0
1458,424,2
1889,424,2
1980,424,2
2938,424,2
3012,424,0
3043,424,0
1361,425,2
1640,425,2
2353,425,0
2446,425,0
2450,425,0
2634,425,2
2685,425,0
2991,425,2
2113,426,0
2121,426,2
2236,426,2
2272,426,0
2463,426,2
2837,426,2
2908,426,2
2913,426,0
1420,427,2
1745,427,2
2004,427,2
2502,427,2
2621,427,2
2794,427,2
2925,427,2
3232,427,2
1682,428,2
1904,428,2
2066,428,2
2400,428,2
2472,428,2
2526,428,2
2560,428,2
3018,428,2
1891,429,1
1962,429,2
2360,429,2
2451,429,2
2896,429,1
2921,429,2
3040,429,2
3276,429,1
1523,430,1
1655,430,1
1686,430,2
1811,430,2
1957,430,2
2218,430,2
2850,430,2
2900,430,0
1395,431,2
1562,431,2
1697,431,2
1727,431,2
2172,431,0
2737,431,2
2926,431,2
2970,431,2
1648,432,2
1853,432,2
2092,432,2
2553,432,2
2603,432,0
2669,432,2
3058,432,2
3190,432,2
1338,433,2
1368,433,1
1462,433,1
2593,433,2
2726,433,2
3004,433,2
3214,433,2
3230,433,2
1796,434,2
1954,434,2
2188,434,2
2304,434,2
2394,434,2
2459,434,2
2834,434,2
3080,434,2
1345,435,1
1494,435,1
1621,435,1
1738,435,1
1844,435,1
2241,435,1
3032,435,1
3183,435,1
1417,436,1
1526,436,1
1752,436,1
1958,436,1
2163,436,1
2239,436,1
2641,436,1
2946,436,1
1405,437,1
1539,437,1
1765,437,1
2010,437,1
2041,437,1
2344,437,1
2418,437,1
2659,437,1
1274,438,1
1516,438,1
2252,438,1
2697,438,1
2754,438,1
2965,438,1
2966,438,1
3285,438,1
1334,439,1
1339,439,1
1707,439,1
1877,439,1
2508,439,1
3017,439,1
3020,439,1
3047,439,1
1546,440,1
1846,440,1
1883,440,1
2404,440,1
2416,440,1
2691,440,1
2917,440,2
2932,440,1
1751,441,1
1944,441,1
1963,441,1
2266,441,1
2417,441,1
2710,441,1
2916,441,1
3079,441,1
1278,442,1
1423,442,1
1573,442,1
1715,442,1
1943,442,1
2550,442,1
2789,442,1
2838,442,1
1606,443,1
1845,443,2
2160,443,1
2334,443,1
2409,443,1
2486,443,1
2492,443,1
2606,443,1
1657,444,1
1756,444,1
1799,444,1
1834,444,1
2403,444,1
2414,444,1
2696,444,1
3115,444,1
1330,445,2
1911,445,2
1923,445,2
1946,445,2
2215,445,2
2797,445,2
3200,445,2
3243,445,2
1360,446,2
2065,446,2
2069,446,2
2554,446,2
2904,446,2
2989,446,2
3073,446,2
3234,446,2
1397,447,2
2398,447,2
2469,447,2
2555,447,2
2590,447,2
2791,447,2
3248,447,2
3275,447,2
1495,448,2
1629,448,2
1721,448,2
1828,448,2
2021,448,2
2107,448,2
2495,448,2
3052,448,2
1383,449,2
1506,449,2
1637,449,2
2141,449,2
2158,449,2
2784,449,2
2874,449,2
2983,449,2
1304,450,1
1485,450,1
1723,450,1
2105,450,1
2180,450,1
2485,450,1
2765,450,1
2824,450,1
1475,451,2
1598,451,1
1971,451,2
2250,451,1
2326,451,1
2537,451,1
2969,451,1
3197,451,1
1672,452,2
1850,452,2
1886,452,2
1926,452,2
2076,452,2
2449,452,2
3142,452,2
3150,452,2
1369,453,1
1623,453,1
1863,453,2
2325,453,2
2456,453,1
2491,453,2
2507,453,0
2796,453,2
1567,454,2
1878,454,2
1896,454,2
2093,454,2
2333,454,1
2749,454,0
2880,454,2
3209,454,2
1318,455,1
1424,455,2
1688,455,2
1912,455,1
2031,455,1
2091,455,1
2694,455,2
2803,455,2
1452,456,2
1565,456,2
1803,456,2
1836,456,2
1862,456,1
2509,456,2
2713,456,2
3088,456,2
1302,457,2
2084,457,1
2339,457,1
2643,457,1
2739,457,1
2910,457,2
3134,457,2
3218,457,2
1409,458,2
1500,458,0
2155,458,2
2312,458,2
2453,458,2
2604,458,2
2729,458,0
2920,458,2
1399,459,0
1571,459,2
2488,459,2
2703,459,2
2714,459,0
3028,459,2
3060,459,0
3144,459,0
1800,460,2
2106,460,2
2387,460,0
2480,460,2
2839,460,2
2993,460,2
3125,460,2
3217,460,0
1296,461,2
1347,461,2
1425,461,0
2135,461,2
2467,461,2
2630,461,2
3065,461,0
3074,461,2
1471,462,2
1773,462,2
1893,462,2
1945,462,2
2044,462,0
2131,462,2
2380,462,2
3048,462,0
1305,463,2
1322,463,2
1757,463,2
1909,463,1
2078,463,2
2179,463,1
2761,463,1
3011,463,2
1726,464,2
1947,464,1
1995,464,2
2115,464,2
2343,464,1
2389,464,1
2812,464,2
3121,464,2
1292,465,2
1636,465,1
1670,465,1
1779,465,2
1835,465,2
2321,465,2
3041,465,2
3128,465,2
1273,466,2
1522,466,2
1852,466,2
1868,466,1
2708,466,2
2915,466,2
3122,466,2
3266,466,1
1378,467,2
1840,467,2
2088,467,2
2401,467,2
2614,467,2
2859,467,2
3182,467,1
3189,467,2
1497,468,2
1569,468,1
2028,468,2
2410,468,2
2481,468,2
2887,468,2
3133,468,2
3201,468,2
